{"cameraMode":{"drawMode":0,"name":"Shaded","section":"Shading Mode"},"sceneLighting":false,"audioPlay":false,"sceneViewState":{"m_AlwaysRefresh":false,"showFog":true,"showSkybox":false,"showFlares":true,"showImageEffects":true,"showParticleSystems":true,"showVisualEffectGraphs":true,"m_FxEnabled":false},"in2DMode":false,"pivot":{"x":-3244.669921875,"y":15.658523559570313,"z":726.8499755859375},"rotation":{"x":0.17667819559574128,"y":0.0012152716517448426,"z":-0.00022501767671201378,"w":0.9843446016311646},"size":2.091531991958618,"orthographic":false}